{"CornerNumber": [1, 2, 3, 4, 5, 6, 7, 8, 9, 10, 11, 12, 13, 14, 15, 16, 17], "X": [11549.390625, 11579.570556640625, 11984.5009765625, 8811.018692016602, 9258.899475097656, 8180.223449707031, 8337.142669677734, 7521.6416015625, 7078.6907958984375, 5329.669921875, 4822.8515625, -443.9345703125, -791.74609375, -1373.6669921875, -1809.1650390625, -2390.3896484375, -1892.0537109375], "Y": [-620.4165039062495, -1334.7114257812495, -1769.0202636718745, -7835.0654296875, -8332.6875, -9021.7958984375, -5797.26025390625, -5024.2841796875, -4423.57568359375, -3929.69140625, -3047.8134765625, -1580.6708984375005, 76.99999999999955, -167.83337402343795, -107.8207397460942, 97.9679565429683, 1095.2366485595703], "Angle": [26.961070822263267, -161.45663106776647, 26.924666969078046, -166.07931388750785, -0.2925522266947098, -109.04601548928066, 25.060336529280704, -141.61977719510452, 50.280962176467256, -128.91348209261224, 34.93331843558475, -135.537659071418, 78.13896702277137, -83.4928059806544, 81.51269427768005, -157.50555604044234, -241.96179963456407], "Distance": [1198.5068097091557, 1269.5796024170388, 1328.0154271791314, 2027.7263121209287, 2098.9482433782214, 2236.782610844468, 2567.2658933357366, 2676.1693834774137, 2750.2987776122914, 2944.9038803694084, 3048.028487788046, 3598.4414288326916, 3783.0711311345244, 3845.1564221952194, 3888.6418492137614, 3951.760531293035, 4070.9370423730197]}