{"CornerNumber": [1, 2, 3, 4, 5, 6, 7, 8, 9, 10, 11, 12, 13, 14, 15, 16, 17, 18, 19], "X": [-2268.255615234375, 2999.999267578125, 3817.088134765625, 4054.815185546875, 8288.3798828125, 7822.23583984375, 7960.5205078125, 4795.484375, 6124.01416015625, 4679.7138671875, 2442.751220703125, 765.8057861328125, -711.81396484375, -2527.06591796875, -4336.47314453125, 370.2557678222656, 1346.130126953125, 24.782848358154297, 549.4779052734375], "Y": [4480.01220703125, 504.4121398925781, -223.75808715820312, -1175.5828857421875, -11558.162109375, -12185.4541015625, -13774.4111328125, -15569.1689453125, -13828.8994140625, -8919.283203125, -8984.7734375, -12791.740234375, -12662.1513671875, -14855.037109375, -13437.90234375, -8378.4921875, -5851.3837890625, -701.6300048828125, -386.9144592285156], "Angle": [145.68175941520641, -118.1437971997148, 21.623120750256426, -159.37230591855115, -19.044517633774447, 162.88664031411616, 153.5589625319835, -147.87551693169823, 172.22776136494474, 40.95163822007065, -46.08229755088073, -49.676165997109315, 102.89657229563842, -69.16199272690382, -173.38859911250455, 142.6697670739105, 2.717271720601312, 157.75138809208076, -14.515880956568681], "Distance": [367.7976832408297, 1048.366456751052, 1169.3551124442008, 1245.2369397167624, 2392.466572867926, 2470.6266577685365, 2634.830533337998, 3032.902688712499, 3286.451335820313, 3798.9626800634724, 4035.3830685340154, 4459.878034144703, 4613.681649510213, 4912.688306029462, 5165.551265436379, 5882.663240737772, 6163.125073939338, 6687.259173791335, 6752.861010739352], "Rotation": 91.0}