{"CornerNumber": [1, 2, 3, 4, 5, 6, 7, 8, 9, 10, 11, 12, 13, 14], "X": [-3102.4705973153305, -3874.7583230391156, -6195.325832683519, -4426.529400725318, -4542.259294075855, -2919.047113239949, -2085.696726119249, -2706.3344852401556, -3399.618785137742, 1428.3820141701494, 142.23921186556618, -842.6948558408556, 538.1157727828859, 2881.013214318282], "Y": [-6966.730800740276, -6783.703176678725, -7289.139507704795, -2915.92815508894, -6165.090488463807, -5303.979987824779, -3887.2126692798247, -3238.04087867866, -746.8769695595092, 2292.7810928036356, 2415.562978813626, 2193.1318681426874, 4122.028999634798, 2459.7294748811983], "Angle": [-68.8993899041057, -280.50076395537997, -119.44019417308891, -299.8502116752963, -244.87246530888558, -49.40879337476423, -345.91597826102355, -144.8408914632198, -201.63831408978086, -342.50296791471146, -55.51605895562858, -127.85336281470802, -255.98300625823205, -353.6644628431238], "Distance": [793.5804112696368, 886.2152896105335, 1140.6493610150678, 1717.8130442604613, 2144.312624854001, 2334.188525939836, 2500.3254925959945, 2603.835678509422, 2877.3211583538477, 3463.515726819135, 3611.7157020304303, 3726.6194348430213, 3994.738464870575, 4319.214185414237]}