{"tel": {"time": [0.0, 73.233, 73.252, 73.513, 73.572, 73.732, 73.772, 73.932, 73.952, 74.172, 74.232, 74.372, 74.532, 74.691, 74.812, 74.971, 75.133, 75.373, 75.452, 75.753, 75.772, 75.932, 76.033, 76.173, 76.292, 76.413, 76.652, 76.773, 76.892, 77.093, 77.193, 77.332, 77.493, 77.612, 77.773, 77.812, 78.033, 78.092, 78.253, 78.332, 78.493, 78.772, 78.853, 79.153, 79.172, 79.273, 79.412, 79.513, 79.572, 79.853, 79.932, 80.132, 80.253, 80.332, 80.392, 80.572, 80.612, 80.852, 81.052, 81.092, 81.331, 81.352, 81.533, 81.692, 81.833, 81.852, 82.012, 82.073, 82.252, 82.413, 82.532, 82.573, 82.692, 82.893, 83.012, 83.153, 83.252, 83.353, 83.433, 83.492, 83.653, 83.772, 83.933, 84.172, 84.372, 84.373, 84.692, 84.713, 84.852, 84.973, 85.052, 85.133, 85.293, 85.412, 85.593, 85.612, 85.753, 85.772, 85.972, 86.233, 86.252, 86.413, 86.532, 86.563], "rpm": [10152.0, 10152.0, 10152.0, 10453.781176, 10522.0, 10522.0, 10580.2, 10813.0, 10827.90909090909, 10991.90909090909, 11036.636363636364, 11141.0, 11233.789950035873, 11326.0, 11442.678509714286, 11596.0, 11275.704992160332, 10801.193494512232, 10645.0, 10800.203092, 10810.0, 10810.0, 10879.858289066668, 10976.6916224, 11059.0, 11063.369442133333, 11072.0, 11149.6416256, 11226.0, 11337.463600872727, 11392.918146327273, 11470.0, 10814.500260571429, 10330.0, 10186.71005696, 10152.0, 10088.857161142858, 10072.0, 10453.704014933333, 10641.0, 10332.538758981818, 9798.0, 9644.30262144, 9075.05262144, 9039.0, 8943.0500608, 8811.0, 8874.7562096, 8912.0, 8870.630564977777, 8859.0, 9184.0, 9288.05994496, 9356.0, 9508.0, 9964.0, 9964.0, 9964.0, 10914.0, 10978.086006804644, 11361.0, 11319.872694226739, 10965.393532346776, 10654.0, 10351.7313872, 10311.0, 10689.0, 10761.437424, 10974.0, 11170.649921828572, 11316.0, 11369.0436672, 11523.0, 11675.0062016, 11765.0, 11353.750186666666, 11065.0, 10991.7750464, 10933.7750464, 10891.0, 10965.749970285715, 11021.0, 11145.37245056, 11330.0, 11460.0, 11459.7218928, 11371.0, 11225.7066928, 10264.0, 10411.61992192, 10508.0, 10603.849924266666, 10793.1832576, 10934.0, 10991.01497984, 10997.0, 11092.1749568, 11105.0, 11161.0, 11272.857115428571, 11281.0, 11360.924968228572, 11420.0, 11430.979189333333], "speed": [223.0, 223.0, 223.0, 230.3406232, 232.0, 232.0, 232.8, 236.0, 236.5909090909091, 243.0909090909091, 244.86363636363637, 249.0, 251.507836487456, 254.0, 256.59285577142856, 260.0, 261.68399057749565, 264.17879340424696, 265.0, 270.6437488, 271.0, 273.0, 274.40277688888887, 276.3472213333333, 278.0, 279.0083328, 281.0, 282.5124992, 284.0, 282.62954589090907, 281.9477277090909, 281.0, 258.00000914285715, 241.0, 222.48500736, 218.0, 218.0, 218.0, 193.17917653333333, 181.0, 173.6818210909091, 161.0, 159.38000128, 153.38000128, 153.0, 151.31666773333333, 149.0, 148.3687504, 148.0, 144.87777848888888, 144.0, 148.0, 151.62999808, 154.0, 156.0, 162.0, 162.71428571428572, 167.0, 176.0, 177.00358399917786, 183.0, 183.93074525088005, 191.95290450134596, 199.0, 201.6437488, 202.0, 208.0, 208.5083328, 210.0, 216.32499748571428, 221.0, 222.281248, 226.0, 229.7687488, 232.0, 233.7624992, 235.0, 237.5249984, 239.5249984, 241.0, 243.2999990857143, 245.0, 247.81749888, 252.0, 258.0, 258.0124992, 262.0, 262.0, 262.0, 265.0249984, 267.0, 268.7999985777778, 272.3555541333333, 275.0, 275.0, 275.0, 279.406248, 280.0, 283.0, 285.7964278857143, 286.0, 287.7249993142857, 289.0, 289.3875008], "gear": [6, 6, 6, 6, 6, 6, 6, 6, 6, 6, 6, 6, 6, 6, 6, 6, 6, 6, 7, 7, 7, 7, 7, 7, 7, 7, 7, 7, 7, 7, 7, 7, 7, 7, 7, 6, 6, 5, 5, 4, 4, 4, 4, 4, 4, 4, 4, 4, 4, 4, 4, 4, 4, 4, 4, 4, 4, 4, 4, 4, 4, 4, 4, 4, 4, 5, 5, 5, 5, 5, 5, 5, 5, 5, 5, 5, 6, 6, 6, 6, 6, 6, 6, 6, 6, 6, 6, 6, 6, 6, 7, 7, 7, 7, 7, 7, 7, 7, 7, 7, 7, 7, 7, 7], "throttle": [100.0, 100.0, 100.0, 100.0, 100.0, 100.0, 100.0, 100.0, 100.0, 100.0, 100.0, 100.0, 100.0, 100.0, 100.0, 100.0, 100.0, 100.0, 100.0, 100.0, 100.0, 100.0, 100.0, 100.0, 100.0, 100.0, 100.0, 100.0, 100.0, 54.31819636363637, 31.59092363636364, 0.0, 0.0, 0.0, 0.0, 0.0, 0.0, 0.0, 0.0, 0.0, 0.36590894545454544, 1.0, 1.40499968, 2.90499968, 3.0, 5.104165333333333, 8.0, 2.9500032000000003, 0.0, 43.71110115555556, 56.0, 76.0, 73.58000128, 72.0, 74.5, 82.0, 81.71428571428571, 80.0, 100.0, 100.0, 100.0, 100.0, 100.0, 100.0, 100.0, 100.0, 100.0, 100.0, 100.0, 100.0, 100.0, 100.0, 100.0, 100.0, 100.0, 100.0, 100.0, 100.0, 100.0, 100.0, 100.0, 100.0, 100.0, 100.0, 100.0, 100.0, 100.0, 100.0, 100.0, 100.0, 100.0, 100.0, 100.0, 100.0, 100.0, 100.0, 100.0, 100.0, 100.0, 100.0, 100.0, 100.0, 100.0, 100.0], "brake": [0, 0, 0, 0, 0, 0, 0, 0, 0, 0, 0, 0, 0, 0, 0, 0, 0, 0, 0, 0, 0, 0, 0, 0, 0, 0, 0, 0, 0, 0, 0, 1, 1, 1, 1, 1, 1, 1, 1, 1, 1, 1, 1, 1, 0, 0, 0, 0, 0, 0, 0, 0, 0, 0, 0, 0, 0, 0, 0, 0, 0, 0, 0, 0, 0, 0, 0, 0, 0, 0, 0, 0, 0, 0, 0, 0, 0, 0, 0, 0, 0, 0, 0, 0, 0, 0, 0, 0, 0, 0, 0, 0, 0, 0, 0, 0, 0, 0, 0, 0, 0, 0, 0, 0], "drs": [0, 0, 0, 0, 0, 0, 0, 0, 0, 0, 0, 0, 0, 0, 0, 0, 0, 0, 0, 0, 0, 0, 0, 0, 0, 0, 0, 0, 0, 0, 0, 0, 0, 0, 0, 0, 0, 0, 0, 0, 0, 0, 0, 0, 0, 0, 0, 0, 0, 0, 0, 0, 0, 0, 0, 0, 0, 0, 0, 0, 0, 0, 0, 0, 0, 0, 0, 0, 0, 0, 0, 0, 0, 0, 0, 0, 0, 0, 0, 0, 0, 0, 0, 0, 0, 0, 1, 1, 1, 1, 1, 1, 1, 1, 1, 1, 1, 1, 1, 1, 1, 1, 1, 1], "distance": [NaN, NaN, 4537.554444444444, 4554.378416734047, 4558.176666666666, 4568.487777777777, 4571.083321453128, 4581.598888888889, 4582.936947233475, 4598.02735587198, 4602.2237925359195, 4612.032222222222, 4623.27056107669, 4634.539444444445, 4643.229208977478, 4654.761666666667, 4666.591327064325, 4684.285829090219, 4690.168611111111, 4712.820887011063, 4714.257500000001, 4726.390833333334, 4734.126709126852, 4744.952202660963, 4754.190833333334, 4763.6067392554505, 4782.290833333334, 4791.809599798558, 4801.224166666667, 4817.275414246439, 4825.190455788134, 4835.568611111111, 4846.668624388426, 4854.313055555555, 4864.060455411656, 4866.424166666667, 4880.01330312514, 4883.379722222222, 4891.6588366757705, 4895.446388888889, 4902.881149352447, 4915.1241666666665, 4918.616500836469, 4931.330500505942, 4932.1241666666665, 4936.320076287251, 4942.0575, 4946.222544461463, 4948.635277777777, 4959.856336523192, 4963.035277777777, 4971.2575, 4976.384703318164, 4979.8130555555545, 4982.4655113712615, 4990.613055555555, 4992.440615156141, 5003.601944444444, 5013.379722222222, 5015.369057594317, 5027.562222222222, 5028.677235239695, 5038.611454519193, 5047.517499999999, 5055.415937163875, 5056.495277777777, 5065.739722222222, 5069.274856853418, 5079.739722222222, 5089.537786626463, 5096.9286111111105, 5099.488724216411, 5106.973055555554, 5119.877623532276, 5127.595277777777, 5136.761929799938, 5143.261944444443, 5149.9793529455455, 5155.3520513855, 5159.32861111111, 5170.238784941736, 5178.384166666666, 5189.542005229236, 5206.384166666665, 5220.717499999999, 5220.7897093976435, 5244.006388888887, 5245.533324522095, 5255.650833333332, 5264.578965796787, 5270.484166666666, 5276.605478573617, 5288.869673910207, 5297.984166666666, 5311.7993222264095, 5313.261944444443, 5324.220851728689, 5325.706388888888, 5341.42861111111, 5362.156114507673, 5363.673055555554, 5376.568291580001, 5386.150833333332, 5388.654679418991],