{"CornerNumber": [1, 2, 3, 4, 5, 6, 7, 8, 9, 10, 11, 12, 13, 14, 15, 16], "X": [-4102.06103515625, -1498.0576171875, -1169.0216064453125, 1700.86083984375, 2741.896728515625, 1329.40283203125, 4931.5595703125, 4091.14208984375, 3637.8564453125, 1632.4962158203125, 3995.45068359375, 7034.22900390625, 8044.39306640625, 6947.80908203125, 4053.34375, 1474.8946533203125], "Y": [5867.05322265625, 5023.38720703125, 7151.10546875, 10042.0947265625, 8983.0322265625, 6525.28759765625, 7220.83154296875, 5631.65576171875, 4513.4716796875, 3576.8994140625, 1980.9371337890625, 2124.40966796875, 485.46246337890625, -1163.4581298828125, -775.6227416992188, -4596.61767578125], "Angle": [-64.58557840889351, 125.69052737981303, -19.71812858827954, -98.58410801377623, -174.5257195157703, 68.36502672094214, -151.39251577200127, -29.172323438973425, 147.94255193426767, -18.224830106039786, -91.63734544672403, -113.3319080016265, 175.85083242802085, 110.81396046187567, -81.45270358793942, 101.85221257440253], "Distance": [793.5614799303688, 1083.9007398115266, 1309.7847138158859, 1719.8401094870278, 1875.3283194275584, 2181.647557299356, 2578.1313994134575, 2755.076974187303, 2889.1331876814165, 3116.5492353263908, 3428.340081212359, 3743.1451962543247, 3945.155397480556, 4143.895339171366, 4430.00768716888, 4914.512247097573]}