{"tel": {"time": [0.0, 78.323, 78.342, 78.603, 78.662, 78.822, 78.862, 79.022, 79.042, 79.262, 79.322, 79.462, 79.622, 79.781, 79.902, 80.061, 80.223, 80.463, 80.542, 80.843, 80.862, 81.022, 81.123, 81.263, 81.382, 81.503, 81.742, 81.863, 81.982, 82.183, 82.283, 82.422, 82.583, 82.702, 82.863, 82.902, 83.123, 83.182, 83.343, 83.422, 83.583, 83.862, 83.943, 84.243, 84.262, 84.363, 84.502, 84.603, 84.662, 84.943, 85.022, 85.222, 85.343, 85.422, 85.482, 85.662, 85.702, 85.942, 86.142, 86.182, 86.421, 86.442, 86.623, 86.782, 86.923, 86.942, 87.102, 87.163, 87.342, 87.503, 87.622, 87.663, 87.782, 87.868], "rpm": [11701.0, 11701.0, 11701.0, 10933.4970632, 10760.0, 9903.0, 9943.4, 10105.0, 10103.59090909091, 10088.09090909091, 10083.863636363636, 10074.0, 10128.16926812905, 10182.0, 10133.16788297143, 10069.0, 9695.15409179597, 9141.30786425718, 8959.0, 9148.0655848, 9160.0, 8996.0, 9132.911024355555, 9322.688802133333, 9484.0, 9631.2165888, 9922.0, 10288.0248064, 10648.0, 11033.55442269091, 11225.372604509092, 11492.0, 11684.624923428571, 11827.0, 10962.43034368, 10753.0, 11028.460634514286, 11102.0, 11362.283229866667, 11490.0, 11110.186514618183, 10452.0, 10539.88493056, 10865.38493056, 10886.0, 10960.908285866666, 11064.0, 11147.3249472, 11196.0, 10923.586173155556, 10847.0, 10348.0, 10393.97997568, 10424.0, 10448.0, 10520.0, 10547.857142857143, 10715.0, 10829.0, 10864.698916542184, 11078.0, 11091.49580613776, 11207.817115269516, 11310.0, 11364.6374752, 11372.0, 11426.0, 11115.916992, 10206.0, 10337.099947885714, 10434.0, 10450.9124736, 10500.0, 10539.5061912], "speed": [284.0, 284.0, 284.0, 268.5031288, 265.0, 242.0, 240.2, 233.0, 231.45454545454547, 214.45454545454547, 209.8181818181818, 199.0, 191.9780578351232, 185.0, 176.78929005714286, 166.0, 159.60083580551662, 150.12058506386163, 147.0, 143.2375008, 143.0, 141.0, 142.4027768888889, 144.34722133333332, 146.0, 148.35277653333333, 153.0, 157.5374976, 162.0, 170.6795426909091, 174.99772450909092, 181.0, 185.0249984, 188.0, 195.24499712, 197.0, 200.94642742857144, 202.0, 208.0374976, 211.0, 212.82954472727272, 216.0, 218.0249984, 225.5249984, 226.0, 229.36666453333333, 234.0, 235.2624992, 236.0, 242.2444430222222, 244.0, 245.0, 248.0249984, 250.0, 251.0, 254.0, 254.57142857142858, 258.0, 261.0, 261.8602148564382, 267.0, 267.05817157818, 267.5595565313341, 268.0, 273.2874976, 274.0, 277.0, 277.2541664, 278.0, 280.8749988571429, 283.0, 283.2562496, 284.0, 284.8062488], "gear": [7, 7, 7, 7, 7, 7, 7, 7, 7, 7, 7, 5, 5, 5, 5, 4, 4, 4, 4, 4, 4, 4, 4, 4, 4, 4, 4, 4, 4, 4, 4, 4, 4, 4, 4, 4, 4, 5, 5, 5, 5, 6, 6, 6, 6, 6, 6, 6, 6, 6, 6, 7, 7, 7, 7, 7, 7, 7, 7, 7, 7, 7, 7, 7, 7, 7, 7, 7, 8, 8, 8, 8, 8, 8], "throttle": [67.0, 67.0, 67.0, 12.353138399999999, 0.0, 0.0, 0.0, 0.0, 0.0, 0.0, 0.0, 0.0, 1.5047018924736015, 3.0, 1.7035721142857143, 0.0, 0.0, 0.0, 0.0, 24.4562448, 26.0, 45.0, 50.330552177777776, 57.71944106666667, 64.0, 67.0249984, 73.0, 86.1083264, 99.0, 99.0, 99.0, 99.0, 99.0, 99.0, 99.0, 99.0, 99.0, 99.0, 99.0, 99.0, 99.0, 99.0, 99.0, 99.0, 99.0, 99.0, 99.0, 99.0, 99.0, 99.0, 99.0, 99.0, 99.0, 99.0, 99.0, 99.0, 99.0, 99.0, 99.0, 99.0, 99.0, 99.0, 99.0, 99.0, 99.0, 99.0, 99.0, 99.0, 99.0, 99.0, 99.0, 99.0, 99.0, 99.0], "brake": [0, 0, 0, 0, 1, 1, 1, 1, 1, 1, 1, 1, 1, 1, 1, 1, 1, 1, 0, 0, 0, 0, 0, 0, 0, 0, 0, 0, 0, 0, 0, 0, 0, 0, 0, 0, 0, 0, 0, 0, 0, 0, 0, 0, 0, 0, 0, 0, 0, 0, 0, 0, 0, 0, 0, 0, 0, 0, 0, 0, 0, 0, 0, 0, 0, 0, 0, 0, 0, 0, 0, 0, 0, 0], "drs": [0, 0, 0, 0, 0, 0, 0, 0, 0, 0, 0, 0, 0, 0, 0, 0, 0, 0, 0, 0, 0, 0, 0, 0, 0, 0, 0, 0, 0, 0, 0, 0, 0, 0, 0, 0, 0, 0, 0, 0, 0, 0, 0, 0, 0, 0, 0, 0, 0, 0, 0, 0, 0, 0, 0, 0, 0, 0, 1, 1, 1, 1, 1, 1, 1, 1, 1, 1, 1, 1, 1, 1, 1, 1], "distance": [NaN, NaN, 6180.313333333333, 6199.7443035776305, 6203.868888888888, 6214.624444444444, 6217.267217631862, 6227.568888888888, 6228.795438270036, 6241.296784179583, 6244.48980856906, 6251.89111111111, 6260.265590135696, 6268.284166666665, 6274.041094128099, 6281.195277777777, 6288.067710739759, 6297.686159907975, 6300.83611111111, 6312.8004645277315, 6313.547222222221, 6319.813888888888, 6323.833314771347, 6329.509725987055, 6334.413888888888, 6339.471342773179, 6349.7138888888885, 6355.061277841601, 6360.513888888889, 6370.35019374842, 6375.478178008728, 6382.636111111111, 6390.966612826485, 6397.258333333333, 6406.048039673724, 6408.202777777778, 6420.543381354712, 6423.913888888888, 6433.312302399524, 6437.980555555555, 6447.542939564045, 6464.380555555555, 6469.370902212607, 6488.271542751619, 6489.491666666666, 6496.02419553883, 6505.091666666665, 6511.690740850819, 6515.580555555555, 6534.6011102772145, 6539.980555555555, 6553.591666666665, 6561.964115126339, 6567.480555555554, 6571.689270878606, 6584.413888888888, 6587.261628976362, 6604.480555555554, 6618.980555555554, 6621.918271465206, 6639.673055555555, 6641.233083005786, 6654.649173742974, 6666.547499999999, 6677.270603138303, 6678.725277777777, 6691.036388888889, 6695.734947777161, 6709.569722222222, 6722.197682376498, 6731.5808333333325, 6734.812650242267, 6744.203055555555, 6751.020292329748], "rel_distance": [NaN, NaN, 0.912935639700199, 0.9158059189713645, 0.9164151892019402, 0.9180039646348107, 0.9183943464326759, 0.9199160755638336, 0.9200972574204009, 0.9219439152853817, 0.9224155783882643, 0.9235088745540748, 0.9247459251618865, 0.9259304030192312, 0.9267807974848912, 0.9278375900574498, 0.9288527633414003, 0.9302735691437454, 0.9307388696166433, 0.9325062047096865, 0.9326165133100357, 0.9335422047812537, 0.9341359412054963, 0.9349744420750984, 0.9356988689535595, 0.9364459394737883, 0.9379589348327565, 0.9387488336115031, 0.9395542754533662, 0.9410072621847654, 0.9417647512210908, 0.9428220976505204, 0.944052652074279, 0.9449820444166955, 0.9462804310433676, 0.9465987218974574, 0.9484216354316358, 0.9489195157632414, 0.9503078186190564, 0.9509973976826774, 0.9524099217232898, 0.9548971191997232, 0.9556342768601784, 0.95842621756457, 0.9586064502723342, 0.9595714140376184, 0.9609108311687702, 0.9618856247895475, 0.9624602154752061, 0.9652698695098351, 0.9660645035439909, 0.9680750922891006, 0.969311842948515, 0.9701267134575801, 0.9707484110978992, 0.9726280499861905, 0.9730487088230872, 0.9755922322504095, 0.9777341247503021, 0.978168074520902, 0.9807907530643731, 0.981021195208875, 0.9830029761832102, 0.9847605579605341, 0.9863445396286383, 0.986559419401057, 0.9883779764047973, 0.9890720321319073, 0.9911156596920163, 0.9929810205984567, 0.9943670689198225, 0.9948444623266, 0.9962315822377368, 0.9972386021216428], "acc_x": [0.0, -5.124626719576696, -10.622311904761748, -21.827761253653605, -28.18461601555906, -26.853597497040617, -20.14683875795028, -15.820239431350421, -18.808454919565953, -21.464646464646492, -19.815975415646534, -16.724718014044285, -14.59257652648375, -15.369434203670174, -16.26382671461848, -14.898589026875666, -12.27302512175783, -8.99217263917228, -6.492077067001013, -3.9919800102791223, -2.5266866317551977, -0.0832713354076422, 2.3601450340521577, 4.117369523590668, 4.631773157284293, 5.708089986282614, 7.63495912208513, 9.637222683626383, 11.273212954573388, 11.799308301346645, 11.09147083782262, 9.407970004461331, 8.789281641814977, 9.86111068783061, 9.57671977207967, 7.850529719169614, 6.66832019536016, 8.110118518518592, 8.305462978996431, 6.373194388327839, 4.23725140291811, 4.703282214975652, 5.965908942016155, 7.593878264874272, 8.365483591986232, 8.32529588477367, 6.5184547325103175, 5.333435802469087, 5.116421399176861, 4.873509205422065, 4.133120958816194, 4.390322604906696, 5.457576392053558, 5.839773692157331, 5.02808538046909, 4.369087702421078, 4.178691678691777, 4.1648455985737325, 4.833332826200609, 5.331643162041317, 4.09885179813354, 2.364102469383812, 2.2808613266137954, 5.496594489735387, 7.160497571024267, 6.7560158993645825, 3.6695961462780775, 2.7352693273320354, 3.0253071065463373, 4.017543261749164, 3.6101814814814914, 2.656832300942062, 2.146847940169325, 1.568144236465622],