{"tel": {"time": [0.0, 78.323, 78.342, 78.603, 78.662, 78.822, 78.862, 79.022, 79.042, 79.262, 79.322, 79.462, 79.622, 79.781, 79.902, 80.061, 80.223, 80.463, 80.542, 80.843, 80.862, 81.022, 81.123, 81.263, 81.382, 81.503, 81.742, 81.863, 81.982, 82.183, 82.283, 82.422, 82.583, 82.702, 82.863, 82.902, 83.123, 83.182, 83.343, 83.422, 83.583, 83.862, 83.943, 84.243, 84.262, 84.363, 84.502, 84.603, 84.662, 84.943, 85.022, 85.222, 85.343, 85.422, 85.482, 85.662, 85.702, 85.942, 86.142, 86.182, 86.421, 86.442, 86.623, 86.782, 86.923, 86.942, 87.102, 87.163, 87.342, 87.503, 87.622, 87.663, 87.782, 87.868], "rpm": [11701, 11701, 11701, 11230, 10760, 9903, 10004, 10105, 10097, 10089, 10081, 10074, 10128, 10182, 10125, 10069, 9699, 9329, 8959, 9059, 9160, 8996, 9158, 9321, 9484, 9703, 9922, 10285, 10648, 10929, 11210, 11492, 11659, 11827, 11290, 10753, 10927, 11102, 11296, 11490, 10971, 10452, 10596, 10741, 10886, 10975, 11064, 11130, 11196, 11021, 10847, 10348, 10386, 10424, 10472, 10520, 10617, 10715, 10829, 10953, 11078, 11155, 11232, 11310, 11341, 11372, 11426, 10816, 10206, 10320, 10434, 10467, 10500, 10536], "speed": [284, 284, 284, 274, 265, 242, 237, 233, 224, 216, 207, 199, 192, 185, 175, 166, 159, 153, 147, 145, 143, 141, 142, 144, 146, 149, 153, 157, 162, 168, 174, 181, 184, 188, 192, 197, 199, 202, 206, 211, 213, 216, 219, 222, 226, 230, 234, 235, 236, 240, 244, 245, 247, 250, 252, 254, 256, 258, 261, 264, 267, 267, 267, 268, 271, 274, 277, 277, 278, 280, 283, 283, 284, 284], "gear": [7, 7, 7, 7, 7, 7, 7, 7, 7, 7, 7, 5, 5, 5, 5, 4, 4, 4, 4, 4, 4, 4, 4, 4, 4, 4, 4, 4, 4, 4, 4, 4, 4, 4, 4, 4, 4, 5, 5, 5, 5, 6, 6, 6, 6, 6, 6, 6, 6, 6, 6, 7, 7, 7, 7, 7, 7, 7, 7, 7, 7, 7, 7, 7, 7, 7, 7, 7, 8, 8, 8, 8, 8, 8], "throttle": [0, 0, 0, 0, 0, 0, 0, 0, 0, 0, 0, 0, 0, 0, 0, 0, 0, 0, 0, 0, 0, 0, 0, 0, 0, 0, 0, 0, 0, 0, 0, 0, 0, 0, 0, 0, 0, 0, 0, 0, 0, 0, 0, 0, 0, 0, 0, 0, 0, 0, 0, 0, 0, 0, 0, 0, 0, 0, 0, 0, 0, 0, 0, 0, 0, 0, 0, 0, 0, 0, 0, 0, 0, 0], "brake": [-87022.36266934872, 6178.823334888077, 6180.313333333333, 6199.7443035776305, 6203.868888888888, 6214.624444444444, 6217.267217631862, 6227.568888888888, 6228.795438270036, 6241.296784179583, 6244.48980856906, 6251.89111111111, 6260.265590135696, 6268.284166666665, 6274.041094128099, 6281.195277777777, 6288.067710739759, 6297.686159907975, 6300.83611111111, 6312.8004645277315, 6313.547222222221, 6319.813888888888, 6323.833314771347, 6329.509725987055, 6334.413888888888, 6339.471342773179, 6349.7138888888885, 6355.061277841601, 6360.513888888889, 6370.35019374842, 6375.478178008728, 6382.636111111111, 6390.966612826485, 6397.258333333333, 6406.048039673724, 6408.202777777778, 6420.543381354712, 6423.913888888888, 6433.312302399524, 6437.980555555555, 6447.542939564045, 6464.380555555555, 6469.370902212607, 6488.271542751619, 6489.491666666666, 6496.02419553883, 6505.091666666665, 6511.690740850819, 6515.580555555555, 6534.6011102772145, 6539.980555555555, 6553.591666666665, 6561.964115126339, 6567.480555555554, 6571.689270878606, 6584.413888888888, 6587.261628976362, 6604.480555555554, 6618.980555555554, 6621.918271465206, 6639.673055555555, 6641.233083005786, 6654.649173742974, 6666.547499999999, 6677.270603138303, 6678.725277777777, 6691.036388888889, 6695.734947777161, 6709.569722222222, 6722.197682376498, 6731.5808333333325, 6734.812650242267, 6744.203055555555, 6751.020292329748], "drs": [0, 0, 0, 0, 0, 0, 0, 0, 0, 0, 0, 0, 0, 0, 0, 0, 0, 0, 0, 0, 0, 0, 0, 0, 0, 0, 0, 0, 0, 0, 0, 0, 0, 0, 0, 0, 0, 0, 0, 0, 0, 0, 0, 0, 0, 0, 0, 0, 0, 0, 0, 0, 0, 0, 0, 0, 0, 0, 1, 1, 1, 1, 1, 1, 1, 1, 1, 1, 1, 1, 1, 1, 1, 1], "distance": [-87022.36266934872, 6178.823334888077, 6180.313333333333, 6199.7443035776305, 6203.868888888888, 6214.624444444444, 6217.267217631862, 6227.568888888888, 6228.795438270036, 6241.296784179583, 6244.48980856906, 6251.89111111111, 6260.265590135696, 6268.284166666665, 6274.041094128099, 6281.195277777777, 6288.067710739759, 6297.686159907975, 6300.83611111111, 6312.8004645277315, 6313.547222222221, 6319.813888888888, 6323.833314771347, 6329.509725987055, 6334.413888888888, 6339.471342773179, 6349.7138888888885, 6355.061277841601, 6360.513888888889, 6370.35019374842, 6375.478178008728, 6382.636111111111, 6390.966612826485, 6397.258333333333, 6406.048039673724, 6408.202777777778, 6420.543381354712, 6423.913888888888, 6433.312302399524, 6437.980555555555, 6447.542939564045, 6464.380555555555, 6469.370902212607, 6488.271542751619, 6489.491666666666, 6496.02419553883, 6505.091666666665, 6511.690740850819, 6515.580555555555, 6534.6011102772145, 6539.980555555555, 6553.591666666665, 6561.964115126339, 6567.480555555554, 6571.689270878606, 6584.413888888888, 6587.261628976362, 6604.480555555554, 6618.980555555554, 6621.918271465206, 6639.673055555555, 6641.233083005786, 6654.649173742974, 6666.547499999999, 6677.270603138303, 6678.725277777777, 6691.036388888889, 6695.734947777161, 6709.569722222222, 6722.197682376498, 6731.5808333333325, 6734.812650242267, 6744.203055555555, 6751.020292329748], "rel_distance": [-12.854658339798334, 0.9127155420109061, 0.912935639700199, 0.9158059189713645, 0.9164151892019402, 0.9180039646348107, 0.9183943464326759, 0.9199160755638336, 0.9200972574204009, 0.9219439152853817, 0.9224155783882643, 0.9235088745540748, 0.9247459251618865, 0.9259304030192312, 0.9267807974848912, 0.9278375900574498, 0.9288527633414003, 0.9302735691437454, 0.9307388696166433, 0.9325062047096865, 0.9326165133100357, 0.9335422047812537, 0.9341359412054963, 0.9349744420750984, 0.9356988689535595, 0.9364459394737883, 0.9379589348327565, 0.9387488336115031, 0.9395542754533662, 0.9410072621847654, 0.9417647512210908, 0.9428220976505204, 0.944052652074279, 0.9449820444166955, 0.9462804310433676, 0.9465987218974574, 0.9484216354316358, 0.9489195157632414, 0.9503078186190564, 0.9509973976826774, 0.9524099217232898, 0.9548971191997232, 0.9556342768601784, 0.95842621756457, 0.9586064502723342, 0.9595714140376184, 0.9609108311687702, 0.9618856247895475, 0.9624602154752061, 0.9652698695098351, 0.9660645035439909, 0.9680750922891006, 0.969311842948515, 0.9701267134575801, 0.9707484110978992, 0.9726280499861905, 0.9730487088230872, 0.9755922322504095, 0.9777341247503021, 0.978168074520902, 0.9807907530643731, 0.981021195208875, 0.9830029761832102, 0.9847605579605341, 0.9863445396286383, 0.986559419401057, 0.9883779764047973, 0.9890720321319073, 0.9911156596920163, 0.9929810205984567, 0.9943670689198225, 0.9948444623266, 0.9962315822377368, 0.9972386021216428], "acc_x": [0.0, -3.3068783068782857, -8.804563492063338, -22.334074738469063, -31.990159394554492, -30.659140876036048, -23.816872427983967, -17.412551440329025, -18.867577895355517, -20.050705467372126, -18.121693121693035, -16.563624753279832, -14.314947504602673, -15.968386658041752, -16.51996901218083, -13.892563710646293, -11.092601858960293, -8.426712490332694, -6.589832077581567, -5.175833360558402, -3.5812765129263746, -1.2712642184742133, 2.227845425886812, 4.511618662725207, 5.159425298314227, 5.787037037037077, 7.330246913580325, 8.712705761316876, 10.346491632828815, 11.910686580915115, 11.814235963631265, 10.437651738209848, 8.046737213403887, 9.126984126984045, 9.305046805046691, 8.312983312983201, 7.0924445924445525, 8.071789321789398, 9.118967452300927, 7.225028058361529, 5.296015712682443, 4.053549493182045, 5.033173317633436, 9.662802947262827, 11.291071635899037, 11.188271604938134, 6.172839506172865, 4.448075526506858, 4.576676349552084, 5.078634400793383, 4.582329960013974, 4.839531606104475, 6.510834945750634, 7.188693489652723, 6.557380358339643, 4.549462882796241, 4.058441558441641, 4.689754689754657, 5.358241917381534, 5.374429433569096, 3.059614618754383, 1.3407072230602048, 1.5068990559186541, 4.97912127814096, 7.810452444996263, 7.832797565380572, 4.746377812294067, 2.4597089548069526, 2.856235086627237, 4.206543728602602, 3.9682539682540305, 2.7664859981933647, 1.0303748870821967, 0.45167118337849393],