{"tel": {"time": [0.0, 0.23, 0.24, 0.569, 0.6, 0.8, 0.93, 1.2, 1.23, 1.36, 1.59, 1.6, 1.8, 1.91, 1.959, 2.239, 2.269, 2.479, 2.569, 2.719, 2.844], "rpm": [8692, 8617, 8542, 8438, 8334, 8887, 8807, 8728, 8833, 8938, 8755, 8572, 8585, 8551, 8518, 8477, 8465, 8454, 8429, 8404, 8334], "speed": [254, 252, 251, 247, 243, 240, 236, 233, 231, 230, 229, 228, 226, 226, 226, 223, 222, 222, 222, 222, 221], "gear": [8, 8, 8, 8, 8, 8, 8, 7, 7, 7, 7, 7, 7, 7, 7, 7, 7, 7, 7, 7, 7], "throttle": [0, 0, 0, 0, 0, 0, 0, 0, 0, 0, 0, 0, 0, 0, 0, 0, 0, 0, 0, 0, 0], "brake": [-0.06666666666666643, 15.978152594275324, 16.666666666666664, 38.89087878165532, 40.96666666666667, 54.30000000000001, 62.81525447336121, 80.1888888888889, 82.10963633040684, 90.41111111111113, 104.98121729368566, 105.61111111111113, 118.16666666666669, 125.0796900678785, 128.14833333333337, 145.4927777777778, 147.3435501131952, 160.29277777777781, 165.84921166933583, 175.0927777777778, 182.73919450711057], "drs": [0, 0, 0, 0, 0, 0, 0, 0, 0, 0, 0, 0, 0, 0, 0, 0, 0, 0, 0, 0, 0], "distance": [-0.06666666666666643, 15.978152594275324, 16.666666666666664, 38.89087878165532, 40.96666666666667, 54.30000000000001, 62.81525447336121, 80.1888888888889, 82.10963633040684, 90.41111111111113, 104.98121729368566, 105.61111111111113, 118.16666666666669, 125.0796900678785, 128.14833333333337, 145.4927777777778, 147.3435501131952, 160.29277777777781, 165.84921166933583, 175.0927777777778, 182.73919450711057], "rel_distance": [-0.00036061268094492405, 0.08642886665353106, 0.09015317023623132, 0.21036816092635255, 0.22159649244065663, 0.2937190286296418, 0.3397796597981475, 0.4337569530632544, 0.44414664132781273, 0.4890508974748097, 0.5678633732570664, 0.5712705887302527, 0.6391859769748803, 0.6765798355070703, 0.6931787106293593, 0.7869981097885307, 0.7970092893939342, 0.8670541249583041, 0.8971099327902238, 0.9471101401280775, 0.9884710626738799], "acc_x": [-1.9625603864734453, -3.3282328435913273, -4.580693033249575, -6.229121765011623, -6.827534605312371, -6.390291806958478, -5.127665544332217, -4.899691358024688, -3.793724279835384, -3.0221193415637844, -2.608759553204, -2.6917278261364173, -1.9201228878648102, -1.4416809200611502, -2.0390524851746594, -2.4248549543104625, -1.5805455993628073, -0.3858024691358032, -0.3367003367003377, -1.0774410774410805, -1.0774410774410805], "acc_y": [0.17910404579303257, 0.05607238643663681, 0.10335384449912974, 0.40170994943737837, 0.7482506421694719, 0.6109365071030675, 0.683690105833873, 0.4148663154053894, -0.2144328303935586, -0.3241673800236701, -0.14640890521285402, -0.5702926143253543, -0.8069901718127507, -0.3734794067366305, 0.2026427284887347, 0.1728013308225803, 0.5849069028197501, 0.9825606496316855, 1.0057914177851355, 0.9510646023307151, 1.3276668533807225], "acc_z": [-0.5878597593900775, -0.504764401081184, -0.29362640500432796, -0.09169010883988449, -0.28883883139613986, -0.7386773669704374, -0.6506490875854276, -0.22404739485864394, 0.048091802790523, 0.5943253035464302, 0.2248021184860824, -0.3213264481475922, -0.6344238238765306, -0.39643798327881824, 0.48451136817414703, 1.0147175293979083, 0.9845982856235939, 0.7939915475063098, 0.5990195571253703, 0.8854473838768244, 1.220437954433643], "x": [1022, 1169, 1176, 1433, 1450, 1527, 1592, 1799, 1819, 1882, 1971, 1976, 2109, 2191, 2227, 2416, 2432, 2510, 2546, 2623, 2704], "y": [-608, -548, -544, -439, -431, -399, -372, -285, -277, -249, -212, -209, -153, -120, -105, -27, -21, 10, 26, 59, 94], "z": [-245, -245, -244, -244, -243, -244, -244, -243, -243, -242, -243, -243, -243, -243, -242, -242, -243, -243, -244, -244, -243], "dataKey": "OCO - Lap 8 - 2023 - Practice 1 - [nan]"}}