{"tel": {"time": [0.0, 0.23, 0.24, 0.569, 0.6, 0.8, 0.93, 1.2, 1.23, 1.36, 1.59, 1.6, 1.8, 1.91, 1.959, 2.239, 2.269, 2.479, 2.569, 2.719, 2.844], "rpm": [8692, 8617, 8542, 8438, 8334, 8887, 8807, 8728, 8833, 8938, 8755, 8572, 8585, 8551, 8518, 8477, 8465, 8454, 8429, 8404, 8334], "speed": [254, 252, 251, 247, 243, 240, 236, 233, 231, 230, 229, 228, 226, 226, 226, 223, 222, 222, 222, 222, 221], "gear": [8, 8, 8, 8, 8, 8, 8, 7, 7, 7, 7, 7, 7, 7, 7, 7, 7, 7, 7, 7, 7], "throttle": [30, 15, 0, 0, 0, 0, 0, 0, 8, 16, 21, 27, 34, 34, 35, 43, 43, 44, 44, 45, 37], "brake": [0, 0, 0, 0, 0, 0, 0, 0, 0, 0, 0, 0, 0, 0, 0, 0, 0, 0, 0, 0, 0], "drs": [0, 0, 0, 0, 0, 0, 0, 0, 0, 0, 0, 0, 0, 0, 0, 0, 0, 0, 0, 0, 0], "distance": [-0.06666666666666643, 15.978152594275324, 16.666666666666664, 38.89087878165532, 40.96666666666667, 54.30000000000001, 62.81525447336121, 80.1888888888889, 82.10963633040684, 90.41111111111113, 104.98121729368566, 105.61111111111113, 118.16666666666669, 125.0796900678785, 128.14833333333337, 145.4927777777778, 147.3435501131952, 160.29277777777781, 165.84921166933583, 175.0927777777778, 182.73919450711057], "rel_distance": [-0.00036061268094492405, 0.08642886665353106, 0.09015317023623132, 0.21036816092635255, 0.22159649244065663, 0.2937190286296418, 0.3397796597981475, 0.4337569530632544, 0.44414664132781273, 0.4890508974748097, 0.5678633732570664, 0.5712705887302527, 0.6391859769748803, 0.6765798355070703, 0.6931787106293593, 0.7869981097885307, 0.7970092893939342, 0.8670541249583041, 0.8971099327902238, 0.9471101401280775, 0.9884710626738799], "acc_x": [-1.9625603864734453, -3.3282328435913273, -4.580693033249575, -6.229121765011623, -6.827534605312371, -6.390291806958478, -5.127665544332217, -4.899691358024688, -3.793724279835384, -3.0221193415637844, -2.608759553204, -2.6917278261364173, -1.9201228878648102, -1.4416809200611502, -2.0390524851746594, -2.4248549543104625, -1.5805455993628073, -0.3858024691358032, -0.3367003367003377, -1.0774410774410805, -1.0774410774410805], "acc_y": [0.33318812531921926, 0.2911322020275809, 0.23614267172769263, 0.3372634348616102, 0.6838041275937038, 0.7713815413028395, 0.6137136677880202, 0.3207795563300106, 0.0806482129078989, -0.4349520797817761, -0.48162372556949895, -0.48382670586408255, -0.5357937090324418, -0.4610921562720869, 0.05373775774765155, 0.4935309845200825, 0.9883650642128089, 1.0750073832284985, 1.3411527108385857, 1.4298802799179469, 1.4870727905124188], "acc_z": [-0.25003139241481875, -0.14625248016782694, -0.06110183000250009, -0.09015641207897063, -0.287305134635226, -0.36716386237408505, -0.36149148821539684, -0.29807472977546084, -0.18437789409473457, -0.0489914872760406, -0.16348889220771318, -0.4250370490552455, -0.6435846175260124, -0.43189553527802016, -0.24681538577841788, -0.16573387759557984, -0.1621702436598681, -0.17553576819614036, -0.18426341888830278, -0.173544926203622, 0.002852580478583437], "x": [1022.86338851343, 1169.0, 1176.433588665974, 1433.0, 1450.553157467936, 1527.8413985804366, 1592.0, 1799.7043401291314, 1819.0, 1882.9860457793175, 1971.0, 1976.3062027924666, 2109.641540390071, 2191.0, 2227.0551636043588, 2416.6624007751097, 2432.0, 2510.2538781497387, 2546.0, 2623.3582053839086, 2704.805618773148], "y": [-608.572298064077, -548.0, -544.928980660924, -439.0, -431.6920053388437, -399.04806045541335, -372.0, -285.12095396588643, -277.0, -249.80971301535408, -212.0, -209.75502921541263, -153.82163624202124, -120.0, -105.08225547146824, -27.263709484948134, -21.0, 10.916444589448224, 26.0, 59.50947964660378, 95.42799446369774], "z": [-245.60443206169916, -245.0, -244.9689535006819, -244.0, -243.9700973084922, -244.0828309862437, -244.0, -243.07198282417835, -243.0, -242.86263144741417, -243.0, -243.00387474059178, -243.0268116608667, -243.0, -242.97974726395282, -242.9510321985268, -243.0, -243.6740375227112, -244.0, -244.47574934078415, -244.807702101089], "dataKey": "2023-Azerbaijan Grand Prix-Practice 1-OCO-8"}}