{"tel": {"time": [0.0, 0.23, 0.24, 0.569, 0.6, 0.8, 0.93, 1.2, 1.23, 1.36, 1.59, 1.6, 1.8, 1.91, 1.959, 2.239, 2.269, 2.479, 2.569, 2.719, 2.844], "rpm": [8692.0, 8548.25008, 8542.0, 8351.91114808889, 8334.0, 8887.0, 8835.32505088, 8728.0, 8767.374832, 8938.0, 8587.2501952, 8572.0, 8585.0, 8538.647871336705, 8518.0, 8477.0, 8474.125012266666, 8454.0, 8435.250026666667, 8404.0, 8294.625056], "speed": [254.0, 251.1250016, 251.0, 243.68889031111112, 243.0, 240.0, 237.72500224, 233.0, 232.4375024, 230.0, 228.0833344, 228.0, 226.0, 226.0, 226.0, 223.0, 222.87500053333332, 222.0, 222.0, 222.0, 220.4375008], "gear": [8, 8, 8, 8, 8, 8, 8, 7, 7, 7, 7, 7, 7, 7, 7, 7, 7, 7, 7, 7, 7], "throttle": [30.0, 1.2500160000000022, 0.0, 0.0, 0.0, 0.0, 0.0, 0.0, 2.9999872, 16.0, 26.541660800000002, 27.0, 34.0, 34.69182281587006, 35.0, 43.0, 43.124999466666665, 44.0, 44.374999466666665, 45.0, 32.500006400000004], "brake": [0, 0, 0, 0, 0, 0, 0, 0, 0, 0, 0, 0, 0, 0, 0, 0, 0, 0, 0, 0, 0], "drs": [0, 0, 0, 0, 0, 0, 0, 0, 0, 0, 0, 0, 0, 0, 0, 0, 0, 0, 0, 0, 0], "distance": [-0.06666666666666643, 15.978152594275324, 16.666666666666664, 38.89087878165532, 40.96666666666667, 54.30000000000001, 62.81525447336121, 80.1888888888889, 82.10963633040684, 90.41111111111113, 104.98121729368566, 105.61111111111113, 118.16666666666669, 125.0796900678785, 128.14833333333337, 145.4927777777778, 147.3435501131952, 160.29277777777781, 165.84921166933583, 175.0927777777778, 182.73919450711057], "rel_distance": [-0.00036061268094492405, 0.08642886665353106, 0.09015317023623132, 0.21036816092635255, 0.22159649244065663, 0.2937190286296418, 0.3397796597981475, 0.4337569530632544, 0.44414664132781273, 0.4890508974748097, 0.5678633732570664, 0.5712705887302527, 0.6391859769748803, 0.6765798355070703, 0.6931787106293593, 0.7869981097885307, 0.7970092893939342, 0.8670541249583041, 0.8971099327902238, 0.9471101401280775, 0.9884710626738799], "acc_x": [-2.3148141706924577, -4.3458726457522365, -5.246079051191472, -5.567303322119426, -5.016322781964247, -4.579079983610356, -4.732392700336706, -4.9884258765432055, -4.487954683127558, -3.627615226337441, -2.810081893004122, -2.2875542811628833, -1.5159493428912758, -1.4416809200611502, -1.7777022661384196, -2.163504735274223, -1.5892572733306825, -0.6558643621399182, -0.7961558997381177, -1.6835008215488085, -1.6835008215488085], "acc_y": [0.32939835488735236, 0.287342431595714, 0.23154608999240073, 0.33266685312631833, 0.6835339793594613, 0.771111393068597, 0.6147486740605214, 0.3218145626025119, 0.08577077044511143, -0.42982952224456356, -0.4765011680322864, -0.47789733702344506, -0.5294761030199112, -0.4591009837606055, 0.05572893025913295, 0.49391922169197555, 0.9878630949262437, 1.0745054139419332, 1.3406507415520204, 1.4293783106313815, 1.4865708212258535], "acc_z": [-0.24728050204885724, -0.1435015898018654, -0.057101601686701364, -0.0861561837631719, -0.28576623584246796, -0.365624963581327, -0.3599858639220201, -0.2965691054820842, -0.18554418317982022, -0.050157776361126206, -0.16465518129279882, -0.4274526760901683, -0.6479559109992803, -0.4338054992282474, -0.24872534972864507, -0.16768954403392494, -0.16440721638910294, -0.1777727409253752, -0.18650039161753762, -0.17578189893285684, 0.0006156077493485734], "x": [1022.86338851343, 1169.0, 1176.433588665974, 1433.0, 1450.553157467936, 1527.8413985804366, 1592.0, 1799.7043401291314, 1819.0, 1882.9860457793175, 1971.0, 1976.3062027924666, 2109.641540390071, 2191.0, 2227.0551636043588, 2416.6624007751097, 2432.0, 2510.2538781497387, 2546.0, 2623.3582053839086, 2704.805618773148], "y": [-608.572298064077, -548.0, -544.928980660924, -439.0, -431.6920053388437, -399.04806045541335, -372.0, -285.12095396588643, -277.0, -249.80971301535408, -212.0, -209.75502921541263, -153.82163624202124, -120.0, -105.08225547146824, -27.263709484948134, -21.0, 10.916444589448224, 26.0, 59.50947964660378, 95.42799446369774], "z": [-245.60443206169916, -245.0, -244.9689535006819, -244.0, -243.9700973084922, -244.0828309862437, -244.0, -243.07198282417835, -243.0, -242.86263144741417, -243.0, -243.00387474059178, -243.0268116608667, -243.0, -242.97974726395282, -242.9510321985268, -243.0, -243.6740375227112, -244.0, -244.47574934078415, -244.807702101089], "dataKey": "2023-Azerbaijan Grand Prix-Practice 1-OCO-8"}}