{"CornerNumber": [1, 1, 2, 3, 4, 5, 6, 7, 8, 9, 10, 11, 12, 12, 13, 14], "X": [-6033.7314453125, -4288.64501953125, -1739.7655029296875, -2081.064208984375, 137.27439880371094, -20.38125991821289, 2399.324462890625, 2251.829833984375, 2747.3857421875, 3969.8935546875, 3859.828125, 4508.7236328125, 1823.3304443359375, 917.1895751953125, -202.31922912597656, 828.6363525390625], "Y": [4029.2685546875, 3778.159912109375, 2279.862060546875, 3944.518310546875, 8089.453125, 10382.619140625, 8671.92578125, 8271.9306640625, 6726.5771484375, 6201.38525390625, 4303.83642578125, 2507.1708984375, -301.9350891113281, 547.991455078125, 920.361572265625, -1344.8851318359375], "Angle": [146.52177108363696, 60.47100123888616, -50.33326808579322, 5.32648440746904, 158.73003851084664, -45.15991642801586, -6.843936823489347, 171.75480558986533, -132.68783680755217, 31.117516949595743, -166.6926884163716, -16.988076264862677, -88.47262054946576, 42.29777285333536, 146.5172487406101, -50.073920456133536], "Distance": [635.1555176839025, 820.6628986173724, 1134.6484904935971, 1318.9786188958933, 1797.8986657633586, 2038.1782718646496, 2367.8229971766063, 2405.760589869941, 2581.1547043513415, 2719.9543603460916, 2898.7756277114486, 3103.2048507975996, 3498.745395411597, 3627.8220126347765, 3764.243201200071, 4042.7424041209642]}