{"tel": {"time": [0.0, 0.065, 0.154, 0.225, 0.454, 0.505, 0.734, 0.785, 0.954, 1.026, 1.235, 1.266, 1.436], "rpm": [11869, 11872, 11885, 11898, 11918, 11938, 11946, 11954, 11928, 11902, 11902, 11902, 11908], "speed": [334, 334, 334, 334, 334, 334, 335, 336, 336, 337, 337, 337, 336], "gear": [8, 8, 8, 8, 8, 8, 8, 8, 8, 8, 8, 8, 8], "throttle": [0, 0, 0, 0, 0, 0, 0, 0, 0, 0, 0, 0, 0], "brake": [-0.0003569575274235959, 6.0305555555555515, 14.2886729421497, 20.874999999999993, 42.111659649162064, 46.852777777777774, 68.21767460956899, 72.98611111111111, 88.8040868390318, 95.54638888888888, 115.11412200936904, 118.01305555555555, 133.88764125918738], "drs": [1, 1, 1, 1, 1, 1, 1, 1, 1, 1, 1, 1, 1], "distance": [-0.0003569575274235959, 6.0305555555555515, 14.2886729421497, 20.874999999999993, 42.111659649162064, 46.852777777777774, 68.21767460956899, 72.98611111111111, 88.8040868390318, 95.54638888888888, 115.11412200936904, 118.01305555555555, 133.88764125918738], "rel_distance": [-2.5421961370349078e-06, 0.04294868117280956, 0.1017617121542966, 0.14866851175203313, 0.2999127074227101, 0.3336782152656745, 0.4858356962581597, 0.5197957613153257, 0.6324489306757929, 0.6804665599708796, 0.8198249197975983, 0.8404706748145847, 0.953527011640407], "acc_x": [0.0, 0.0, 0.0, 0.0, 0.33068783068784013, 0.9920634920635033, 1.4129389129389147, 1.4664527112659924, 1.1345880555579277, 0.7137126346825164, -0.1311486589721791, -1.0053219740079848, -1.0053219740079848], "acc_y": [0.9498421539066899, 0.7609067230932385, 0.9678945616335991, 1.2743032124320484, 1.1374851854797974, 1.0220707156152702, 0.9024081503788554, 0.726608979979933, 0.5149554968420222, 0.5225763402518522, 0.7115117710653036, 0.5045239325249431, 0.19811528172649376], "acc_z": [0.39284425410748774, 0.27153526526413485, 0.4663304040747891, 0.6590180636481097, 0.4320227483933605, 0.1664859813722745, -0.002199006151861249, 0.324767942201872, 0.5012946137484409, 0.6086304467750662, 0.7299394356184191, 0.5351442968077649, 0.3424566372344443], "x": [1031, 1083, 1168, 1247, 1511, 1549, 1667, 1701, 1856, 1945, 2235, 2270, 2416], "y": [-605, -584, -549, -516, -406, -389, -341, -326, -261, -223, -102, -87, -25], "z": [-245, -245, -245, -244, -244, -243, -244, -243, -243, -242, -243, -243, -242], "dataKey": "ZHO - Lap 6 - 2023 - Sprint Shootout - [nan]"}}