{"tel": {"time": [0.0, 0.065, 0.154, 0.225, 0.454, 0.505, 0.734, 0.785, 0.954, 1.026, 1.235, 1.266, 1.436], "rpm": [11869, 11872, 11885, 11898, 11918, 11938, 11946, 11954, 11928, 11902, 11902, 11902, 11908], "speed": [334, 334, 334, 334, 334, 334, 335, 336, 336, 337, 337, 337, 336], "gear": [8, 8, 8, 8, 8, 8, 8, 8, 8, 8, 8, 8, 8], "throttle": [100, 100, 100, 100, 100, 100, 100, 100, 100, 100, 100, 100, 100], "brake": [0, 0, 0, 0, 0, 0, 0, 0, 0, 0, 0, 0, 0], "drs": [1, 1, 1, 1, 1, 1, 1, 1, 1, 1, 1, 1, 1], "distance": [-0.0003569575274235959, 6.0305555555555515, 14.2886729421497, 20.874999999999993, 42.111659649162064, 46.852777777777774, 68.21767460956899, 72.98611111111111, 88.8040868390318, 95.54638888888888, 115.11412200936904, 118.01305555555555, 133.88764125918738], "rel_distance": [-2.5421961370349078e-06, 0.04294868117280956, 0.1017617121542966, 0.14866851175203313, 0.2999127074227101, 0.3336782152656745, 0.4858356962581597, 0.5197957613153257, 0.6324489306757929, 0.6804665599708796, 0.8198249197975983, 0.8404706748145847, 0.953527011640407], "acc_x": [0.0, 0.0, 0.0, 0.0, 0.33068783068784013, 0.9920634920635033, 1.4129389129389147, 1.4664527112659924, 1.1345880555579277, 0.7137126346825164, -0.1311486589721791, -1.0053219740079848, -1.0053219740079848], "acc_y": [0.34979772655876806, 0.3835740975939744, 0.590561936134335, 0.7653528434557944, 0.6285348165035435, 0.5138871977482777, 0.26027948343542817, -0.11631715757707256, -0.200958064514655, -0.19333722110482507, -0.2271135921400315, -0.43410143068039214, -0.6088923380018514], "acc_z": [0.19111897130086108, 0.12077844783184553, 0.31557358664249974, 0.46109806838014106, 0.2341027531253919, 0.06412664865618267, -0.10861435853726174, -0.352060720355107, -0.40129090224828096, -0.29395506922165565, -0.2236145457526401, -0.4184096845632943, -0.5639341663009357], "x": [1031.3776425446956, 1083.216778764347, 1168.0, 1247.0590458127388, 1511.0, 1549.6894194509455, 1667.0, 1701.5565527905728, 1856.0, 1945.6308279981758, 2235.0, 2270.0063193158962, 2416.8415338479263], "y": [-605.4653236116039, -584.1157876431055, -549.0, -516.1174742948324, -406.0, -389.89894966127497, -341.0, -326.3950521753622, -261.0, -223.266623857951, -102.0, -87.39138151053288, -26.475989358808494], "z": [-245.0418119541059, -245.0848331867106, -245.0, -244.81333412717956, -244.0, -243.96050745371085, -244.0, -243.8241266142712, -243.0, -242.84947535993194, -243.0, -243.0440375309717, -243.3453761616308], "dataKey": "2023-Azerbaijan Grand Prix-Sprint Shootout-ZHO-6"}}