{"tel": {"time": [0.0, 0.065, 0.154, 0.225, 0.454, 0.505, 0.734, 0.785, 0.954, 1.026, 1.235, 1.266, 1.436], "rpm": [11869.291669333334, 11872.0, 11886.4625312, 11898.0, 11930.714313142857, 11938.0, 11951.085725257142, 11954.0, 11917.535257332907, 11902.0, 11902.0, 11902.0, 11910.4999936], "speed": [334.0, 334.0, 334.0, 334.0, 334.0, 334.0, 335.63571565714284, 336.0, 336.70124505129024, 337.0, 337.0, 337.0, 336.2916672], "gear": [8, 8, 8, 8, 8, 8, 8, 8, 8, 8, 8, 8, 8], "throttle": [100.0, 100.0, 100.0, 100.0, 100.0, 100.0, 100.0, 100.0, 100.0, 100.0, 100.0, 100.0, 100.0], "brake": [0, 0, 0, 0, 0, 0, 0, 0, 0, 0, 0, 0, 0], "drs": [1, 1, 1, 1, 1, 1, 1, 1, 1, 1, 1, 1, 1], "distance": [-0.0003569575274235959, 6.0305555555555515, 14.2886729421497, 20.874999999999993, 42.111659649162064, 46.852777777777774, 68.21767460956899, 72.98611111111111, 88.8040868390318, 95.54638888888888, 115.11412200936904, 118.01305555555555, 133.88764125918738], "rel_distance": [-2.5421961370349078e-06, 0.04294868117280956, 0.1017617121542966, 0.14866851175203313, 0.2999127074227101, 0.3336782152656745, 0.4858356962581597, 0.5197957613153257, 0.6324489306757929, 0.6804665599708796, 0.8198249197975983, 0.8404706748145847, 0.953527011640407], "acc_x": [0.0, 0.0, 0.0, 0.0, 0.5409112622826924, 1.2022869236583555, 1.6507420558752814, 1.494032422607507, 0.9310998048293647, 0.4826446726124389, -0.2278573065038399, -0.7121025287506166, -0.7121025287506166], "acc_y": [0.34979772655876806, 0.3835740975939744, 0.5913482660561001, 0.7661391733775594, 0.6287494614093907, 0.514101842654125, 0.2604941283412753, -0.11610251267122529, -0.20078616982737008, -0.19316532641754014, -0.2269416974527464, -0.4347158659148722, -0.6095067732363315], "acc_z": [0.19111897130086108, 0.12077844783184553, 0.31631359749212923, 0.46183807922977055, 0.23389427916417121, 0.063918174694962, -0.10882283249848247, -0.3522691943163277, -0.4015155679464572, -0.29417973491983185, -0.22383921145081628, -0.4193743611111, -0.5648988428487413], "x": [1031.3776425446956, 1083.216778764347, 1168.0, 1247.0590458127388, 1511.0, 1549.6894194509455, 1667.0, 1701.5565527905728, 1856.0, 1945.6308279981758, 2235.0, 2270.0063193158962, 2416.8415338479263], "y": [-605.4653236116039, -584.1157876431055, -549.0, -516.1174742948324, -406.0, -389.89894966127497, -341.0, -326.3950521753622, -261.0, -223.266623857951, -102.0, -87.39138151053288, -26.475989358808494], "z": [-245.0418119541059, -245.0848331867106, -245.0, -244.81333412717956, -244.0, -243.96050745371085, -244.0, -243.8241266142712, -243.0, -242.84947535993194, -243.0, -243.0440375309717, -243.3453761616308], "dataKey": "2023-Azerbaijan Grand Prix-Sprint Shootout-ZHO-6"}}